{"RuleTriggered": 5, "Violations": 5, "Details": {"algo-1": {"cpu": {"p25": 19.655625, "p50": 22.43625, "p75": 35.800625, "p95": 50.85299999999999, "upper": 60.01812499999999, "lower": 0.0}, "gpu0": {"p25": 0.0, "p50": 0.0, "p75": 0.0, "p95": 36.0, "upper": 0.0, "lower": 0.0}, "gpu0_memory": {"p25": 0.0, "p50": 0.0, "p75": 0.0, "p95": 28.0, "upper": 0.0, "lower": 0.0}}, "last_timestamp": 1644329400000000}, "Datapoints": 1523, "RuleParameters": "cpu_threshold_p95:70\ngpu_threshold_p95:70\ngpu_memory_threshold_p95:70\npatience:1000\nwindow:500"}