{"RuleTriggered": 0, "Violations": 209, "Details": {"low_gpu_utilization": 1274, "bottlenecks": {"1644329455.238407": {"GPUs": 1, "CPUs": 3}, "1644329455.738444": {"GPUs": 1, "CPUs": 3}, "1644329456.238415": {"GPUs": 1, "CPUs": 2}, "1644329456.738428": {"GPUs": 1, "CPUs": 3}, "1644329457.238432": {"GPUs": 1, "CPUs": 3}, "1644329457.738454": {"GPUs": 1, "CPUs": 2}, "1644329459.238429": {"GPUs": 1, "CPUs": 4}, "1644329459.738425": {"GPUs": 1, "CPUs": 3}, "1644329460.23841": {"GPUs": 1, "CPUs": 3}, "1644329460.738396": {"GPUs": 1, "CPUs": 3}, "1644329461.238404": {"GPUs": 1, "CPUs": 3}, "1644329461.738434": {"GPUs": 1, "CPUs": 3}, "1644329462.238394": {"GPUs": 1, "CPUs": 3}, "1644329462.738447": {"GPUs": 1, "CPUs": 4}, "1644329463.238386": {"GPUs": 1, "CPUs": 4}, "1644329463.73841": {"GPUs": 1, "CPUs": 4}, "1644329464.23842": {"GPUs": 1, "CPUs": 4}, "1644329464.738412": {"GPUs": 1, "CPUs": 4}, "1644329465.238408": {"GPUs": 1, "CPUs": 4}, "1644329465.738406": {"GPUs": 1, "CPUs": 4}, "1644329466.238381": {"GPUs": 1, "CPUs": 1}, "1644329466.73846": {"GPUs": 1, "CPUs": 1}, "1644329467.238433": {"GPUs": 1, "CPUs": 1}, "1644329468.238412": {"GPUs": 1, "CPUs": 2}, "1644329468.738391": {"GPUs": 1, "CPUs": 1}, "1644329469.73842": {"GPUs": 1, "CPUs": 1}, "1644329470.238438": {"GPUs": 1, "CPUs": 2}, "1644329471.238422": {"GPUs": 1, "CPUs": 1}, "1644329471.738405": {"GPUs": 1, "CPUs": 2}, "1644329472.238397": {"GPUs": 1, "CPUs": 1}, "1644329472.738409": {"GPUs": 1, "CPUs": 2}, "1644329473.238389": {"GPUs": 1, "CPUs": 2}, "1644329482.238381": {"GPUs": 1, "CPUs": 2}, "1644329482.738406": {"GPUs": 1, "CPUs": 2}, "1644329483.238371": {"GPUs": 1, "CPUs": 2}, "1644329483.738428": {"GPUs": 1, "CPUs": 2}, "1644329484.2384": {"GPUs": 1, "CPUs": 2}, "1644329484.738407": {"GPUs": 1, "CPUs": 2}, "1644329485.238402": {"GPUs": 1, "CPUs": 2}, "1644329485.738397": {"GPUs": 1, "CPUs": 2}, "1644329492.738409": {"GPUs": 1, "CPUs": 2}, "1644329493.238393": {"GPUs": 1, "CPUs": 4}, "1644329493.7384": {"GPUs": 1, "CPUs": 2}, "1644329494.238479": {"GPUs": 1, "CPUs": 2}, "1644329494.738545": {"GPUs": 1, "CPUs": 3}, "1644329495.238524": {"GPUs": 1, "CPUs": 3}, "1644329495.738402": {"GPUs": 1, "CPUs": 2}, "1644329496.238376": {"GPUs": 1, "CPUs": 2}, "1644329496.738433": {"GPUs": 1, "CPUs": 2}, "1644329509.738401": {"GPUs": 1, "CPUs": 1}, "1644329511.238403": {"GPUs": 1, "CPUs": 2}, "1644329511.738425": {"GPUs": 1, "CPUs": 2}, "1644329514.238434": {"GPUs": 1, "CPUs": 2}, "1644329514.73842": {"GPUs": 1, "CPUs": 2}, "1644329515.738434": {"GPUs": 1, "CPUs": 3}, "1644329516.238375": {"GPUs": 1, "CPUs": 3}, "1644329516.738414": {"GPUs": 1, "CPUs": 3}, "1644329517.238376": {"GPUs": 1, "CPUs": 2}, "1644329517.738429": {"GPUs": 1, "CPUs": 2}, "1644329518.238467": {"GPUs": 1, "CPUs": 2}, "1644329530.238445": {"GPUs": 1, "CPUs": 2}, "1644329530.738403": {"GPUs": 1, "CPUs": 2}, "1644329531.23842": {"GPUs": 1, "CPUs": 2}, "1644329531.738416": {"GPUs": 1, "CPUs": 1}, "1644329532.23845": {"GPUs": 1, "CPUs": 2}, "1644329537.238401": {"GPUs": 1, "CPUs": 2}, "1644329537.738384": {"GPUs": 1, "CPUs": 1}, "1644329538.238389": {"GPUs": 1, "CPUs": 2}, "1644329538.738427": {"GPUs": 1, "CPUs": 1}, "1644329539.238396": {"GPUs": 1, "CPUs": 2}, "1644329539.738423": {"GPUs": 1, "CPUs": 3}, "1644329540.238419": {"GPUs": 1, "CPUs": 2}, "1644329540.738412": {"GPUs": 1, "CPUs": 1}, "1644329541.23841": {"GPUs": 1, "CPUs": 2}, "1644329541.738408": {"GPUs": 1, "CPUs": 1}, "1644329542.238392": {"GPUs": 1, "CPUs": 2}, "1644329542.738381": {"GPUs": 1, "CPUs": 3}, "1644329543.238495": {"GPUs": 1, "CPUs": 2}, "1644329543.73839": {"GPUs": 1, "CPUs": 3}, "1644329556.738433": {"GPUs": 1, "CPUs": 1}, "1644329557.238426": {"GPUs": 1, "CPUs": 2}, "1644329557.738413": {"GPUs": 1, "CPUs": 1}, "1644329558.738429": {"GPUs": 1, "CPUs": 3}, "1644329559.238408": {"GPUs": 1, "CPUs": 3}, "1644329559.738405": {"GPUs": 1, "CPUs": 3}, "1644329560.238409": {"GPUs": 1, "CPUs": 3}, "1644329560.738396": {"GPUs": 1, "CPUs": 3}, "1644329561.238408": {"GPUs": 1, "CPUs": 3}, "1644329561.738396": {"GPUs": 1, "CPUs": 3}, "1644329562.238406": {"GPUs": 1, "CPUs": 3}, "1644329562.7384": {"GPUs": 1, "CPUs": 3}, "1644329563.238364": {"GPUs": 1, "CPUs": 3}, "1644329563.738426": {"GPUs": 1, "CPUs": 3}, "1644329580.738412": {"GPUs": 1, "CPUs": 1}, "1644329581.238432": {"GPUs": 1, "CPUs": 1}, "1644329582.238431": {"GPUs": 1, "CPUs": 1}, "1644329587.738382": {"GPUs": 1, "CPUs": 1}, "1644329589.238396": {"GPUs": 1, "CPUs": 1}, "1644329595.238413": {"GPUs": 1, "CPUs": 1}, "1644329624.238401": {"GPUs": 1, "CPUs": 2}, "1644329624.738374": {"GPUs": 1, "CPUs": 2}, "1644329625.238442": {"GPUs": 1, "CPUs": 2}, "1644329625.738384": {"GPUs": 1, "CPUs": 2}, "1644329626.238397": {"GPUs": 1, "CPUs": 2}, "1644329626.738389": {"GPUs": 1, "CPUs": 2}, "1644329627.238447": {"GPUs": 1, "CPUs": 3}, "1644329627.738386": {"GPUs": 1, "CPUs": 3}, "1644329628.23843": {"GPUs": 1, "CPUs": 3}, "1644329628.738404": {"GPUs": 1, "CPUs": 3}, "1644329629.238373": {"GPUs": 1, "CPUs": 3}, "1644329629.738396": {"GPUs": 1, "CPUs": 3}, "1644329630.238447": {"GPUs": 1, "CPUs": 3}, "1644329630.738431": {"GPUs": 1, "CPUs": 3}, "1644329631.238374": {"GPUs": 1, "CPUs": 3}, "1644329631.738396": {"GPUs": 1, "CPUs": 3}, "1644329632.238409": {"GPUs": 1, "CPUs": 3}, "1644329632.738426": {"GPUs": 1, "CPUs": 3}, "1644329633.238379": {"GPUs": 1, "CPUs": 3}, "1644329633.738386": {"GPUs": 1, "CPUs": 3}, "1644329634.23843": {"GPUs": 1, "CPUs": 3}, "1644329634.738409": {"GPUs": 1, "CPUs": 3}, "1644329635.2384": {"GPUs": 1, "CPUs": 2}, "1644329635.738406": {"GPUs": 1, "CPUs": 2}, "1644329636.238412": {"GPUs": 1, "CPUs": 3}, "1644329636.738401": {"GPUs": 1, "CPUs": 3}, "1644329637.23842": {"GPUs": 1, "CPUs": 3}, "1644329637.738406": {"GPUs": 1, "CPUs": 3}, "1644329638.238405": {"GPUs": 1, "CPUs": 3}, "1644329638.738409": {"GPUs": 1, "CPUs": 3}, "1644329727.238436": {"GPUs": 1, "CPUs": 1}, "1644329727.738438": {"GPUs": 1, "CPUs": 1}, "1644329728.238442": {"GPUs": 1, "CPUs": 1}, "1644329728.738417": {"GPUs": 1, "CPUs": 1}, "1644329729.238406": {"GPUs": 1, "CPUs": 1}, "1644329729.738417": {"GPUs": 1, "CPUs": 1}, "1644329730.238413": {"GPUs": 1, "CPUs": 1}, "1644329730.738407": {"GPUs": 1, "CPUs": 1}, "1644329731.238415": {"GPUs": 1, "CPUs": 1}, "1644329731.738372": {"GPUs": 1, "CPUs": 1}, "1644329732.23839": {"GPUs": 1, "CPUs": 1}, "1644329732.738445": {"GPUs": 1, "CPUs": 1}, "1644329733.238415": {"GPUs": 1, "CPUs": 1}, "1644329733.738457": {"GPUs": 1, "CPUs": 1}, "1644329734.238435": {"GPUs": 1, "CPUs": 1}, "1644329734.738393": {"GPUs": 1, "CPUs": 1}, "1644329735.238399": {"GPUs": 1, "CPUs": 2}, "1644329736.238384": {"GPUs": 1, "CPUs": 1}, "1644329736.738441": {"GPUs": 1, "CPUs": 1}, "1644329737.238377": {"GPUs": 1, "CPUs": 1}, "1644329737.738425": {"GPUs": 1, "CPUs": 1}, "1644329738.238418": {"GPUs": 1, "CPUs": 1}, "1644329738.738409": {"GPUs": 1, "CPUs": 1}, "1644329739.238412": {"GPUs": 1, "CPUs": 1}, "1644329739.738424": {"GPUs": 1, "CPUs": 1}, "1644329740.238407": {"GPUs": 1, "CPUs": 1}, "1644329740.738423": {"GPUs": 1, "CPUs": 1}, "1644329741.738425": {"GPUs": 1, "CPUs": 1}, "1644329742.238409": {"GPUs": 1, "CPUs": 1}, "1644329742.738425": {"GPUs": 1, "CPUs": 1}, "1644329743.238392": {"GPUs": 1, "CPUs": 1}, "1644329743.738382": {"GPUs": 1, "CPUs": 1}, "1644329744.238506": {"GPUs": 1, "CPUs": 1}, "1644329753.23853": {"GPUs": 1, "CPUs": 3}, "1644329753.738414": {"GPUs": 1, "CPUs": 2}, "1644329754.238549": {"GPUs": 1, "CPUs": 2}, "1644329754.738426": {"GPUs": 1, "CPUs": 2}, "1644329755.23839": {"GPUs": 1, "CPUs": 2}, "1644329755.738432": {"GPUs": 1, "CPUs": 2}, "1644329756.238398": {"GPUs": 1, "CPUs": 2}, "1644329756.738465": {"GPUs": 1, "CPUs": 2}, "1644329757.238413": {"GPUs": 1, "CPUs": 2}, "1644329757.738423": {"GPUs": 1, "CPUs": 2}, "1644329758.238386": {"GPUs": 1, "CPUs": 2}, "1644329758.738404": {"GPUs": 1, "CPUs": 2}, "1644329759.238371": {"GPUs": 1, "CPUs": 2}, "1644329759.738418": {"GPUs": 1, "CPUs": 2},